branch,checkpoint_step,cumulative_step,prompt_epoch,score_cmd_f1_x100,next_action_score,first_cmd_exact_pct,valid_json_pct,early_f1_x100,mid_f1_x100,late_f1_x100,file
continuation,10,1890,2.52,50.75,50.46,49.8,76.2,,,,lfm25-echo-rlvr-continue-checkpoint-10.json
continuation,20,1900,2.533333333333333,52.76,51.78,49.5,77.6,,,,lfm25-echo-rlvr-continue-checkpoint-20.json
continuation,30,1910,2.546666666666667,52.03,51.36,49.8,76.6,,,,lfm25-echo-rlvr-continue-checkpoint-30.json
continuation,40,1920,2.56,52.09,51.61,50.5,77.2,,,,lfm25-echo-rlvr-continue-checkpoint-40.json
continuation,50,1930,2.5733333333333333,51.63,51.59,51.5,76.2,,,,lfm25-echo-rlvr-continue-checkpoint-50.json
continuation,60,1940,2.5866666666666664,52.14,51.44,49.8,76.9,,,,lfm25-echo-rlvr-continue-checkpoint-60.json
continuation,70,1950,2.6,51.87,50.95,48.8,77.9,,,,lfm25-echo-rlvr-continue-checkpoint-70.json
continuation,80,1960,2.6133333333333333,52.76,51.78,49.5,76.6,,,,lfm25-echo-rlvr-continue-checkpoint-80.json
continuation,90,1970,2.6266666666666665,51.62,51.49,51.2,74.6,,,,lfm25-echo-rlvr-continue-checkpoint-90.json
continuation,100,1980,2.64,51.56,52.02,53.1,77.6,,,,lfm25-echo-rlvr-continue-checkpoint-100.json
continuation,110,1990,2.6533333333333333,52.38,51.52,49.5,75.6,,,,lfm25-echo-rlvr-continue-checkpoint-110.json
continuation,120,2000,2.6666666666666665,51.09,51.21,51.5,75.2,,,,lfm25-echo-rlvr-continue-checkpoint-120.json
continuation,130,2010,2.68,51.87,50.77,48.2,78.2,,,,lfm25-echo-rlvr-continue-checkpoint-130.json
continuation,140,2020,2.6933333333333334,51.77,51.48,50.8,76.9,,,,lfm25-echo-rlvr-continue-checkpoint-140.json
continuation,150,2030,2.7066666666666666,51.87,51.16,49.5,76.6,,,,lfm25-echo-rlvr-continue-checkpoint-150.json
continuation,160,2040,2.72,52.37,51.3,48.8,76.9,,,,lfm25-echo-rlvr-continue-checkpoint-160.json
continuation,170,2050,2.7333333333333334,51.11,50.84,50.2,75.2,,,,lfm25-echo-rlvr-continue-checkpoint-170.json
continuation,180,2060,2.7466666666666666,51.76,51.86,52.1,76.9,,,,lfm25-echo-rlvr-continue-checkpoint-180.json
continuation,190,2070,2.76,52.31,51.86,50.8,77.9,,,,lfm25-echo-rlvr-continue-checkpoint-190.json
continuation,200,2080,2.7733333333333334,51.69,50.73,48.5,75.6,,,,lfm25-echo-rlvr-continue-checkpoint-200.json
continuation,210,2090,2.7866666666666666,51.75,51.85,52.1,76.2,,,,lfm25-echo-rlvr-continue-checkpoint-210.json
continuation,220,2100,2.8,53.26,52.34,50.2,77.2,,,,lfm25-echo-rlvr-continue-checkpoint-220.json
continuation,250,2130,2.84,53.05,52.88,52.5,74.9,,,,lfm25-echo-rlvr-continue-checkpoint-250.json
continuation,300,2180,2.9066666666666667,50.58,49.87,48.2,76.2,,,,lfm25-echo-rlvr-continue-checkpoint-300.json
continuation,350,2230,2.973333333333333,50.94,50.6,49.8,76.6,,,,lfm25-echo-rlvr-continue-checkpoint-350.json
continuation,400,2280,3.04,52.18,51.47,49.8,77.6,,,,lfm25-echo-rlvr-continue-checkpoint-400.json
continuation,450,2330,3.1066666666666665,50.72,51.13,52.1,76.2,,,,lfm25-echo-rlvr-continue-checkpoint-450.json
continuation,500,2380,3.1733333333333333,51.5,51.41,51.2,75.6,,,,lfm25-echo-rlvr-continue-checkpoint-500.json
continuation,540,2420,3.2266666666666666,51.52,51.12,50.2,76.9,,,,lfm25-echo-rlvr-continue-checkpoint-540.json
continuation,550,2430,3.24,49.46,49.38,49.2,74.3,,,,lfm25-echo-rlvr-continue-checkpoint-550.json
continuation,560,2440,3.2533333333333334,52.43,51.55,49.5,76.9,,,,lfm25-echo-rlvr-continue-checkpoint-560.json
continuation,570,2450,3.2666666666666666,50.97,50.44,49.2,75.9,,,,lfm25-echo-rlvr-continue-checkpoint-570.json
continuation,580,2460,3.28,51.82,51.12,49.5,77.2,,,,lfm25-echo-rlvr-continue-checkpoint-580.json
continuation,590,2470,3.2933333333333334,50.15,49.95,49.5,74.3,,,,lfm25-echo-rlvr-continue-checkpoint-590.json
continuation,600,2480,3.3066666666666666,50.85,51.04,51.5,74.9,,,,lfm25-echo-rlvr-continue-checkpoint-600.json
continuation,610,2490,3.32,50.12,49.93,49.5,75.2,,,,lfm25-echo-rlvr-continue-checkpoint-610.json
continuation,620,2500,3.3333333333333335,51.62,50.68,48.5,75.6,,,,lfm25-echo-rlvr-continue-checkpoint-620.json
continuation,630,2510,3.3466666666666667,50.86,49.85,47.5,76.6,,,,lfm25-echo-rlvr-continue-checkpoint-630.json
continuation,740,2620,3.493333333333333,51.09,50.61,49.5,74.6,,,,lfm25-echo-rlvr-continue-checkpoint-740.json
continuation,750,2630,3.506666666666667,51.09,50.22,48.2,75.9,,,,lfm25-echo-rlvr-continue-checkpoint-750.json
continuation,760,2640,3.52,50.43,50.24,49.8,75.6,,,,lfm25-echo-rlvr-continue-checkpoint-760.json
parentrun,10,10,0.013333333333333334,51.54,51.14,50.2,76.6,,,,lfm25-echo-rlvr-parentrun-checkpoint-10.json
parentrun,20,20,0.02666666666666667,52.34,51.7,50.2,75.6,,,,lfm25-echo-rlvr-parentrun-checkpoint-20.json
parentrun,30,30,0.04,51.55,51.14,50.2,75.9,,,,lfm25-echo-rlvr-parentrun-checkpoint-30.json
parentrun,40,40,0.05333333333333334,50.93,50.89,50.8,76.9,,,,lfm25-echo-rlvr-parentrun-checkpoint-40.json
parentrun,50,50,0.06666666666666667,51.62,51.49,51.2,77.2,,,,lfm25-echo-rlvr-parentrun-checkpoint-50.json
parentrun,60,60,0.08,52.09,51.4,49.8,76.6,,,,lfm25-echo-rlvr-parentrun-checkpoint-60.json
parentrun,70,70,0.09333333333333334,51.26,50.73,49.5,75.6,,,,lfm25-echo-rlvr-parentrun-checkpoint-70.json
parentrun,80,80,0.10666666666666667,52.55,52.23,51.5,77.6,,,,lfm25-echo-rlvr-parentrun-checkpoint-80.json
parentrun,90,90,0.12,52.8,52.11,50.5,75.9,,,,lfm25-echo-rlvr-parentrun-checkpoint-90.json
parentrun,100,100,0.13333333333333333,51.98,51.63,50.8,76.2,,,,lfm25-echo-rlvr-parentrun-checkpoint-100.json
parentrun,110,110,0.14666666666666667,49.91,49.79,49.5,75.6,,,,lfm25-echo-rlvr-parentrun-checkpoint-110.json
parentrun,120,120,0.16,52.28,51.96,51.2,75.9,,,,lfm25-echo-rlvr-parentrun-checkpoint-120.json
parentrun,130,130,0.17333333333333334,51.3,51.06,50.5,75.9,,,,lfm25-echo-rlvr-parentrun-checkpoint-130.json
parentrun,140,140,0.18666666666666668,50.96,50.52,49.5,75.6,,,,lfm25-echo-rlvr-parentrun-checkpoint-140.json
parentrun,150,150,0.2,52.15,52.25,52.5,75.9,,,,lfm25-echo-rlvr-parentrun-checkpoint-150.json
parentrun,160,160,0.21333333333333335,51.35,51.09,50.5,75.2,,,,lfm25-echo-rlvr-parentrun-checkpoint-160.json
parentrun,170,170,0.22666666666666666,51.95,51.52,50.5,73.9,,,,lfm25-echo-rlvr-parentrun-checkpoint-170.json
parentrun,180,180,0.24,52.76,53.07,53.8,73.9,,,,lfm25-echo-rlvr-parentrun-checkpoint-180.json
parentrun,190,190,0.25333333333333335,51.79,51.19,49.8,75.6,,,,lfm25-echo-rlvr-parentrun-checkpoint-190.json
parentrun,200,200,0.26666666666666666,52.15,51.44,49.8,73.6,,,,lfm25-echo-rlvr-parentrun-checkpoint-200.json
parentrun,210,210,0.28,52.36,51.89,50.8,75.9,,,,lfm25-echo-rlvr-parentrun-checkpoint-210.json
parentrun,220,220,0.29333333333333333,52.55,52.02,50.8,77.2,,,,lfm25-echo-rlvr-parentrun-checkpoint-220.json
parentrun,230,230,0.30666666666666664,53.43,52.76,51.2,77.9,,,,lfm25-echo-rlvr-parentrun-checkpoint-230.json
parentrun,240,240,0.32,52.55,51.73,49.8,77.2,,,,lfm25-echo-rlvr-parentrun-checkpoint-240.json
parentrun,250,250,0.3333333333333333,52.04,51.58,50.5,75.2,,,,lfm25-echo-rlvr-parentrun-checkpoint-250.json
parentrun,260,260,0.3466666666666667,50.96,51.51,52.8,76.2,,,,lfm25-echo-rlvr-parentrun-checkpoint-260.json
parentrun,270,270,0.36,52.61,51.68,49.5,75.9,,,,lfm25-echo-rlvr-parentrun-checkpoint-270.json
parentrun,280,280,0.37333333333333335,51.38,51.42,51.5,73.9,,,,lfm25-echo-rlvr-parentrun-checkpoint-280.json
parentrun,290,290,0.38666666666666666,51.13,51.42,52.1,74.9,,,,lfm25-echo-rlvr-parentrun-checkpoint-290.json
parentrun,300,300,0.4,50.69,50.63,50.5,76.6,,,,lfm25-echo-rlvr-parentrun-checkpoint-300.json
parentrun,310,310,0.41333333333333333,51.08,50.61,49.5,75.6,,,,lfm25-echo-rlvr-parentrun-checkpoint-310.json
parentrun,320,320,0.4266666666666667,52.81,51.43,48.2,74.3,,,,lfm25-echo-rlvr-parentrun-checkpoint-320.json
parentrun,330,330,0.44,51.65,51.39,50.8,75.6,,,,lfm25-echo-rlvr-parentrun-checkpoint-330.json
parentrun,340,340,0.4533333333333333,52.69,52.12,50.8,76.9,,,,lfm25-echo-rlvr-parentrun-checkpoint-340.json
parentrun,350,350,0.4666666666666667,52.35,52.18,51.8,76.9,,,,lfm25-echo-rlvr-parentrun-checkpoint-350.json
parentrun,360,360,0.48,52.83,53.03,53.5,77.6,,,,lfm25-echo-rlvr-parentrun-checkpoint-360.json
parentrun,370,370,0.49333333333333335,52.51,51.7,49.8,74.6,,,,lfm25-echo-rlvr-parentrun-checkpoint-370.json
parentrun,380,380,0.5066666666666667,51.55,51.23,50.5,74.3,,,,lfm25-echo-rlvr-parentrun-checkpoint-380.json
parentrun,390,390,0.52,50.8,50.41,49.5,77.9,,,,lfm25-echo-rlvr-parentrun-checkpoint-390.json
parentrun,400,400,0.5333333333333333,50.83,50.43,49.5,79.5,,,,lfm25-echo-rlvr-parentrun-checkpoint-400.json
parentrun,410,410,0.5466666666666666,53.11,52.81,52.1,76.6,,,,lfm25-echo-rlvr-parentrun-checkpoint-410.json
parentrun,420,420,0.56,51.62,50.98,49.5,75.2,,,,lfm25-echo-rlvr-parentrun-checkpoint-420.json
parentrun,430,430,0.5733333333333334,52.64,52.9,53.5,76.9,,,,lfm25-echo-rlvr-parentrun-checkpoint-430.json
parentrun,440,440,0.5866666666666667,53.32,53.16,52.8,75.2,,,,lfm25-echo-rlvr-parentrun-checkpoint-440.json
parentrun,450,450,0.6,51.03,50.87,50.5,75.2,,,,lfm25-echo-rlvr-parentrun-checkpoint-450.json
parentrun,460,460,0.6133333333333333,49.86,49.45,48.5,75.6,,,,lfm25-echo-rlvr-parentrun-checkpoint-460.json
parentrun,470,470,0.6266666666666667,52.7,52.73,52.8,75.6,,,,lfm25-echo-rlvr-parentrun-checkpoint-470.json
parentrun,480,480,0.64,52.89,52.65,52.1,75.2,,,,lfm25-echo-rlvr-parentrun-checkpoint-480.json
parentrun,490,490,0.6533333333333333,53.76,53.17,51.8,77.2,,,,lfm25-echo-rlvr-parentrun-checkpoint-490.json
parentrun,500,500,0.6666666666666666,52.17,52.06,51.8,76.2,,,,lfm25-echo-rlvr-parentrun-checkpoint-500.json
parentrun,510,510,0.68,51.01,50.65,49.8,76.6,,,,lfm25-echo-rlvr-parentrun-checkpoint-510.json
parentrun,520,520,0.6933333333333334,51.61,51.49,51.2,75.6,,,,lfm25-echo-rlvr-parentrun-checkpoint-520.json
parentrun,530,530,0.7066666666666667,51.84,51.53,50.8,75.9,,,,lfm25-echo-rlvr-parentrun-checkpoint-530.json
parentrun,540,540,0.72,52.01,51.56,50.5,77.9,,,,lfm25-echo-rlvr-parentrun-checkpoint-540.json
parentrun,550,550,0.7333333333333333,50.94,51.2,51.8,76.2,,,,lfm25-echo-rlvr-parentrun-checkpoint-550.json
parentrun,560,560,0.7466666666666667,51.85,51.44,50.5,74.9,,,,lfm25-echo-rlvr-parentrun-checkpoint-560.json
parentrun,570,570,0.76,52.42,51.54,49.5,75.9,,,,lfm25-echo-rlvr-parentrun-checkpoint-570.json
parentrun,580,580,0.7733333333333333,51.86,51.36,50.2,75.6,,,,lfm25-echo-rlvr-parentrun-checkpoint-580.json
parentrun,590,590,0.7866666666666666,52.88,52.38,51.2,76.2,,,,lfm25-echo-rlvr-parentrun-checkpoint-590.json
parentrun,600,600,0.8,51.72,50.57,47.9,76.9,,,,lfm25-echo-rlvr-parentrun-checkpoint-600.json
parentrun,610,610,0.8133333333333334,54.05,54.18,54.5,77.9,,,,lfm25-echo-rlvr-parentrun-checkpoint-610.json
parentrun,620,620,0.8266666666666667,52.36,51.89,50.8,74.9,,,,lfm25-echo-rlvr-parentrun-checkpoint-620.json
parentrun,630,630,0.84,53.4,52.23,49.5,75.9,,,,lfm25-echo-rlvr-parentrun-checkpoint-630.json
parentrun,640,640,0.8533333333333334,53.21,52.79,51.8,76.9,,,,lfm25-echo-rlvr-parentrun-checkpoint-640.json
parentrun,650,650,0.8666666666666667,53.65,52.91,51.2,76.2,,,,lfm25-echo-rlvr-parentrun-checkpoint-650.json
parentrun,660,660,0.88,52.81,52.42,51.5,75.2,,,,lfm25-echo-rlvr-parentrun-checkpoint-660.json
parentrun,670,670,0.8933333333333333,52.89,52.47,51.5,77.6,,,,lfm25-echo-rlvr-parentrun-checkpoint-670.json
parentrun,680,680,0.9066666666666666,52.61,51.68,49.5,76.2,,,,lfm25-echo-rlvr-parentrun-checkpoint-680.json
parentrun,690,690,0.92,52.7,52.34,51.5,77.6,,,,lfm25-echo-rlvr-parentrun-checkpoint-690.json
parentrun,700,700,0.9333333333333333,52.78,51.71,49.2,76.2,,,,lfm25-echo-rlvr-parentrun-checkpoint-700.json
parentrun,710,710,0.9466666666666667,53.02,52.26,50.5,76.2,,,,lfm25-echo-rlvr-parentrun-checkpoint-710.json
parentrun,720,720,0.96,52.2,52.29,52.5,74.6,,,,lfm25-echo-rlvr-parentrun-checkpoint-720.json
parentrun,730,730,0.9733333333333334,51.71,50.96,49.2,78.2,,,,lfm25-echo-rlvr-parentrun-checkpoint-730.json
parentrun,740,740,0.9866666666666667,50.92,50.19,48.5,76.6,,,,lfm25-echo-rlvr-parentrun-checkpoint-740.json
parentrun,750,750,1.0,51.88,51.68,51.2,75.6,,,,lfm25-echo-rlvr-parentrun-checkpoint-750.json
parentrun,760,760,1.0133333333333334,53.23,52.02,49.2,76.6,,,,lfm25-echo-rlvr-parentrun-checkpoint-760.json
parentrun,770,770,1.0266666666666666,52.25,51.81,50.8,75.9,,,,lfm25-echo-rlvr-parentrun-checkpoint-770.json
parentrun,780,780,1.04,52.24,52.71,53.8,76.9,,,,lfm25-echo-rlvr-parentrun-checkpoint-780.json
parentrun,790,790,1.0533333333333332,51.47,51.39,51.2,75.6,,,,lfm25-echo-rlvr-parentrun-checkpoint-790.json
parentrun,800,800,1.0666666666666667,51.46,51.77,52.5,75.2,,,,lfm25-echo-rlvr-parentrun-checkpoint-800.json
parentrun,810,810,1.08,52.85,52.84,52.8,76.6,,,,lfm25-echo-rlvr-parentrun-checkpoint-810.json
parentrun,820,820,1.0933333333333333,51.97,51.02,48.8,76.6,,,,lfm25-echo-rlvr-parentrun-checkpoint-820.json
parentrun,830,830,1.1066666666666667,53.06,52.68,51.8,78.2,,,,lfm25-echo-rlvr-parentrun-checkpoint-830.json
parentrun,840,840,1.12,52.44,52.46,52.5,77.9,,,,lfm25-echo-rlvr-parentrun-checkpoint-840.json
parentrun,850,850,1.1333333333333333,51.19,50.89,50.2,76.9,,,,lfm25-echo-rlvr-parentrun-checkpoint-850.json
parentrun,860,860,1.1466666666666667,51.61,50.77,48.8,73.6,,,,lfm25-echo-rlvr-parentrun-checkpoint-860.json
parentrun,870,870,1.16,51.66,51.61,51.5,74.9,,,,lfm25-echo-rlvr-parentrun-checkpoint-870.json
parentrun,880,880,1.1733333333333333,51.45,51.55,51.8,77.2,,,,lfm25-echo-rlvr-parentrun-checkpoint-880.json
parentrun,890,890,1.1866666666666668,50.77,50.6,50.2,76.6,,,,lfm25-echo-rlvr-parentrun-checkpoint-890.json
parentrun,900,900,1.2,53.07,52.6,51.5,76.2,,,,lfm25-echo-rlvr-parentrun-checkpoint-900.json
parentrun,910,910,1.2133333333333334,51.88,51.56,50.8,77.9,,,,lfm25-echo-rlvr-parentrun-checkpoint-910.json
parentrun,920,920,1.2266666666666666,51.15,50.65,49.5,76.9,,,,lfm25-echo-rlvr-parentrun-checkpoint-920.json
parentrun,930,930,1.24,53.31,52.38,50.2,75.9,,,,lfm25-echo-rlvr-parentrun-checkpoint-930.json
parentrun,940,940,1.2533333333333334,52.21,51.91,51.2,77.2,,,,lfm25-echo-rlvr-parentrun-checkpoint-940.json
parentrun,950,950,1.2666666666666666,50.94,50.12,48.2,74.6,,,,lfm25-echo-rlvr-parentrun-checkpoint-950.json
parentrun,960,960,1.28,51.32,50.47,48.5,75.6,,,,lfm25-echo-rlvr-parentrun-checkpoint-960.json
parentrun,970,970,1.2933333333333332,52.05,51.67,50.8,76.6,,,,lfm25-echo-rlvr-parentrun-checkpoint-970.json
parentrun,980,980,1.3066666666666666,52.2,51.9,51.2,76.6,,,,lfm25-echo-rlvr-parentrun-checkpoint-980.json
parentrun,990,990,1.32,51.66,51.4,50.8,75.2,,,,lfm25-echo-rlvr-parentrun-checkpoint-990.json
parentrun,1000,1000,1.3333333333333333,51.78,51.1,49.5,76.2,,,,lfm25-echo-rlvr-parentrun-checkpoint-1000.json
parentrun,1010,1010,1.3466666666666667,51.79,51.19,49.8,75.9,,,,lfm25-echo-rlvr-parentrun-checkpoint-1010.json
parentrun,1020,1020,1.36,51.91,50.59,47.5,76.9,,,,lfm25-echo-rlvr-parentrun-checkpoint-1020.json
parentrun,1030,1030,1.3733333333333333,53.2,52.48,50.8,77.2,,,,lfm25-echo-rlvr-parentrun-checkpoint-1030.json
parentrun,1040,1040,1.3866666666666667,52.72,52.35,51.5,77.2,,,,lfm25-echo-rlvr-parentrun-checkpoint-1040.json
parentrun,1050,1050,1.4,52.08,51.31,49.5,77.6,,,,lfm25-echo-rlvr-parentrun-checkpoint-1050.json
parentrun,1060,1060,1.4133333333333333,51.76,51.17,49.8,75.6,,,,lfm25-echo-rlvr-parentrun-checkpoint-1060.json
parentrun,1070,1070,1.4266666666666667,51.7,51.73,51.8,74.9,,,,lfm25-echo-rlvr-parentrun-checkpoint-1070.json
parentrun,1080,1080,1.44,52.9,52.18,50.5,77.9,,,,lfm25-echo-rlvr-parentrun-checkpoint-1080.json
parentrun,1090,1090,1.4533333333333334,51.24,51.02,50.5,74.3,,,,lfm25-echo-rlvr-parentrun-checkpoint-1090.json
parentrun,1100,1100,1.4666666666666666,51.83,51.82,51.8,77.6,,,,lfm25-echo-rlvr-parentrun-checkpoint-1100.json
parentrun,1110,1110,1.48,51.57,51.04,49.8,77.2,,,,lfm25-echo-rlvr-parentrun-checkpoint-1110.json
parentrun,1120,1120,1.4933333333333334,51.64,51.21,50.2,74.9,,,,lfm25-echo-rlvr-parentrun-checkpoint-1120.json
parentrun,1130,1130,1.5066666666666666,52.94,53.2,53.8,75.2,,,,lfm25-echo-rlvr-parentrun-checkpoint-1130.json
parentrun,1140,1140,1.52,52.66,52.4,51.8,76.2,,,,lfm25-echo-rlvr-parentrun-checkpoint-1140.json
parentrun,1150,1150,1.5333333333333334,51.88,51.77,51.5,75.6,,,,lfm25-echo-rlvr-parentrun-checkpoint-1150.json
parentrun,1160,1160,1.5466666666666666,50.77,49.91,47.9,73.3,,,,lfm25-echo-rlvr-parentrun-checkpoint-1160.json
parentrun,1170,1170,1.56,51.76,51.29,50.2,76.6,,,,lfm25-echo-rlvr-parentrun-checkpoint-1170.json
parentrun,1180,1180,1.5733333333333333,51.56,51.93,52.8,76.6,,,,lfm25-echo-rlvr-parentrun-checkpoint-1180.json
parentrun,1190,1190,1.5866666666666667,50.56,50.45,50.2,75.2,,,,lfm25-echo-rlvr-parentrun-checkpoint-1190.json
parentrun,1200,1200,1.6,51.48,51.58,51.8,74.3,,,,lfm25-echo-rlvr-parentrun-checkpoint-1200.json
parentrun,1210,1210,1.6133333333333333,52.12,51.63,50.5,72.9,,,,lfm25-echo-rlvr-parentrun-checkpoint-1210.json
parentrun,1220,1220,1.6266666666666667,51.69,51.81,52.1,76.6,,,,lfm25-echo-rlvr-parentrun-checkpoint-1220.json
parentrun,1230,1230,1.64,50.52,50.21,49.5,75.9,,,,lfm25-echo-rlvr-parentrun-checkpoint-1230.json
parentrun,1240,1240,1.6533333333333333,51.87,51.07,49.2,73.6,,,,lfm25-echo-rlvr-parentrun-checkpoint-1240.json
parentrun,1250,1250,1.6666666666666667,50.5,50.71,51.2,74.9,,,,lfm25-echo-rlvr-parentrun-checkpoint-1250.json
parentrun,1260,1260,1.68,50.73,50.57,50.2,75.2,,,,lfm25-echo-rlvr-parentrun-checkpoint-1260.json
parentrun,1270,1270,1.6933333333333334,51.66,51.01,49.5,74.3,,,,lfm25-echo-rlvr-parentrun-checkpoint-1270.json
parentrun,1280,1280,1.7066666666666668,51.26,50.73,49.5,74.9,,,,lfm25-echo-rlvr-parentrun-checkpoint-1280.json
parentrun,1290,1290,1.72,51.72,51.44,50.8,75.9,,,,lfm25-echo-rlvr-parentrun-checkpoint-1290.json
parentrun,1300,1300,1.7333333333333334,51.05,51.09,51.2,78.2,,,,lfm25-echo-rlvr-parentrun-checkpoint-1300.json
parentrun,1310,1310,1.7466666666666666,51.19,51.19,51.2,75.9,,,,lfm25-echo-rlvr-parentrun-checkpoint-1310.json
parentrun,1320,1320,1.76,52.19,51.59,50.2,76.2,,,,lfm25-echo-rlvr-parentrun-checkpoint-1320.json
parentrun,1330,1330,1.7733333333333334,49.28,49.05,48.5,73.9,,,,lfm25-echo-rlvr-parentrun-checkpoint-1330.json
parentrun,1340,1340,1.7866666666666666,50.19,50.07,49.8,76.2,,,,lfm25-echo-rlvr-parentrun-checkpoint-1340.json
parentrun,1350,1350,1.8,49.59,49.26,48.5,76.6,,,,lfm25-echo-rlvr-parentrun-checkpoint-1350.json
parentrun,1360,1360,1.8133333333333332,50.93,50.41,49.2,76.6,,,,lfm25-echo-rlvr-parentrun-checkpoint-1360.json
parentrun,1370,1370,1.8266666666666667,51.18,50.08,47.5,75.2,,,,lfm25-echo-rlvr-parentrun-checkpoint-1370.json
parentrun,1380,1380,1.84,51.65,51.09,49.8,74.9,,,,lfm25-echo-rlvr-parentrun-checkpoint-1380.json
parentrun,1390,1390,1.8533333333333333,51.36,50.89,49.8,75.9,,,,lfm25-echo-rlvr-parentrun-checkpoint-1390.json
parentrun,1400,1400,1.8666666666666667,53.09,52.4,50.8,76.6,,,,lfm25-echo-rlvr-parentrun-checkpoint-1400.json
parentrun,1410,1410,1.88,52.43,52.06,51.2,76.9,,,,lfm25-echo-rlvr-parentrun-checkpoint-1410.json
parentrun,1420,1420,1.8933333333333333,50.93,51.1,51.5,75.6,,,,lfm25-echo-rlvr-parentrun-checkpoint-1420.json
parentrun,1430,1430,1.9066666666666667,52.63,52.08,50.8,79.5,,,,lfm25-echo-rlvr-parentrun-checkpoint-1430.json
parentrun,1440,1440,1.92,51.8,51.11,49.5,77.9,,,,lfm25-echo-rlvr-parentrun-checkpoint-1440.json
parentrun,1450,1450,1.9333333333333333,52.19,52.16,52.1,76.2,,,,lfm25-echo-rlvr-parentrun-checkpoint-1450.json
parentrun,1460,1460,1.9466666666666668,52.55,51.84,50.2,76.6,,,,lfm25-echo-rlvr-parentrun-checkpoint-1460.json
parentrun,1470,1470,1.96,51.19,50.08,47.5,75.2,,,,lfm25-echo-rlvr-parentrun-checkpoint-1470.json
parentrun,1480,1480,1.9733333333333334,52.57,51.44,48.8,76.6,,,,lfm25-echo-rlvr-parentrun-checkpoint-1480.json
parentrun,1490,1490,1.9866666666666666,52.9,52.39,51.2,75.6,,,,lfm25-echo-rlvr-parentrun-checkpoint-1490.json
parentrun,1500,1500,2.0,52.42,52.05,51.2,76.6,,,,lfm25-echo-rlvr-parentrun-checkpoint-1500.json
parentrun,1510,1510,2.013333333333333,52.41,52.32,52.1,73.6,,,,lfm25-echo-rlvr-parentrun-checkpoint-1510.json
parentrun,1520,1520,2.026666666666667,51.38,50.43,48.2,73.6,,,,lfm25-echo-rlvr-parentrun-checkpoint-1520.json
parentrun,1530,1530,2.04,51.49,50.5,48.2,74.6,,,,lfm25-echo-rlvr-parentrun-checkpoint-1530.json
parentrun,1540,1540,2.0533333333333332,51.09,51.0,50.8,75.9,,,,lfm25-echo-rlvr-parentrun-checkpoint-1540.json
parentrun,1550,1550,2.066666666666667,51.8,51.41,50.5,77.2,,,,lfm25-echo-rlvr-parentrun-checkpoint-1550.json
parentrun,1560,1560,2.08,51.48,50.68,48.8,76.2,,,,lfm25-echo-rlvr-parentrun-checkpoint-1560.json
parentrun,1570,1570,2.0933333333333333,52.08,51.61,50.5,77.9,,,,lfm25-echo-rlvr-parentrun-checkpoint-1570.json
parentrun,1580,1580,2.1066666666666665,52.04,51.67,50.8,75.6,,,,lfm25-echo-rlvr-parentrun-checkpoint-1580.json
parentrun,1590,1590,2.12,51.48,50.98,49.8,75.2,,,,lfm25-echo-rlvr-parentrun-checkpoint-1590.json
parentrun,1600,1600,2.1333333333333333,50.84,49.84,47.5,74.9,,,,lfm25-echo-rlvr-parentrun-checkpoint-1600.json
parentrun,1610,1610,2.1466666666666665,51.55,50.93,49.5,73.9,,,,lfm25-echo-rlvr-parentrun-checkpoint-1610.json
parentrun,1620,1620,2.16,51.76,51.17,49.8,74.6,,,,lfm25-echo-rlvr-parentrun-checkpoint-1620.json
parentrun,1630,1630,2.1733333333333333,51.65,50.7,48.5,75.2,,,,lfm25-echo-rlvr-parentrun-checkpoint-1630.json
parentrun,1640,1640,2.1866666666666665,52.53,51.62,49.5,77.2,,,,lfm25-echo-rlvr-parentrun-checkpoint-1640.json
parentrun,1650,1650,2.2,51.79,50.71,48.2,75.9,,,,lfm25-echo-rlvr-parentrun-checkpoint-1650.json
parentrun,1660,1660,2.2133333333333334,51.65,51.0,49.5,75.9,,,,lfm25-echo-rlvr-parentrun-checkpoint-1660.json
parentrun,1670,1670,2.2266666666666666,50.55,50.14,49.2,74.3,,,,lfm25-echo-rlvr-parentrun-checkpoint-1670.json
parentrun,1680,1680,2.24,51.32,51.16,50.8,75.9,,,,lfm25-echo-rlvr-parentrun-checkpoint-1680.json
parentrun,1690,1690,2.2533333333333334,52.51,51.82,50.2,78.5,,,,lfm25-echo-rlvr-parentrun-checkpoint-1690.json
parentrun,1700,1700,2.2666666666666666,51.12,50.54,49.2,73.9,,,,lfm25-echo-rlvr-parentrun-checkpoint-1700.json
parentrun,1710,1710,2.28,52.11,52.41,53.1,74.9,,,,lfm25-echo-rlvr-parentrun-checkpoint-1710.json
parentrun,1720,1720,2.2933333333333334,51.99,51.84,51.5,75.2,,,,lfm25-echo-rlvr-parentrun-checkpoint-1720.json
parentrun,1730,1730,2.3066666666666666,52.29,51.96,51.2,75.9,,,,lfm25-echo-rlvr-parentrun-checkpoint-1730.json
parentrun,1740,1740,2.32,51.2,50.48,48.8,77.6,,,,lfm25-echo-rlvr-parentrun-checkpoint-1740.json
parentrun,1750,1750,2.3333333333333335,52.32,51.68,50.2,73.6,,,,lfm25-echo-rlvr-parentrun-checkpoint-1750.json
parentrun,1760,1760,2.3466666666666667,51.11,50.54,49.2,75.9,,,,lfm25-echo-rlvr-parentrun-checkpoint-1760.json
parentrun,1770,1770,2.36,49.74,49.37,48.5,75.6,,,,lfm25-echo-rlvr-parentrun-checkpoint-1770.json
parentrun,1780,1780,2.3733333333333335,52.97,52.02,49.8,77.9,,,,lfm25-echo-rlvr-parentrun-checkpoint-1780.json
parentrun,1790,1790,2.3866666666666667,51.68,50.64,48.2,75.6,,,,lfm25-echo-rlvr-parentrun-checkpoint-1790.json
parentrun,1800,1800,2.4,50.87,50.37,49.2,78.2,,,,lfm25-echo-rlvr-parentrun-checkpoint-1800.json
parentrun,1810,1810,2.4133333333333336,51.55,50.84,49.2,73.9,,,,lfm25-echo-rlvr-parentrun-checkpoint-1810.json
parentrun,1820,1820,2.4266666666666667,50.53,50.22,49.5,77.2,,,,lfm25-echo-rlvr-parentrun-checkpoint-1820.json
parentrun,1830,1830,2.44,52.69,51.94,50.2,76.9,,,,lfm25-echo-rlvr-parentrun-checkpoint-1830.json
parentrun,1840,1840,2.453333333333333,50.2,49.99,49.5,74.9,,,,lfm25-echo-rlvr-parentrun-checkpoint-1840.json
parentrun,1850,1850,2.466666666666667,51.57,50.74,48.8,75.2,,,,lfm25-echo-rlvr-parentrun-checkpoint-1850.json
parentrun,1860,1860,2.48,50.68,50.24,49.2,74.3,,,,lfm25-echo-rlvr-parentrun-checkpoint-1860.json
parentrun,1870,1870,2.493333333333333,51.3,50.67,49.2,76.2,,,,lfm25-echo-rlvr-parentrun-checkpoint-1870.json
parentrun,1880,1880,2.506666666666667,52.15,51.86,51.2,76.9,,,,lfm25-echo-rlvr-parentrun-checkpoint-1880.json
raw_clean_start,25,25,0.03333333333333333,37.89,39.0,41.6,59.4,,,,lfm25-echo-raw-lfm25-checkpoint-25.json
raw_clean_start,50,50,0.06666666666666667,40.34,40.9,42.2,58.1,,,,lfm25-echo-raw-lfm25-checkpoint-50.json
raw_clean_start,75,75,0.1,39.19,39.22,39.3,57.1,,,,lfm25-echo-raw-lfm25-checkpoint-75.json
raw_clean_start,100,100,0.13333333333333333,40.34,40.81,41.9,58.4,,,,lfm25-echo-raw-lfm25-checkpoint-100.json
raw_clean_start,125,125,0.16666666666666666,41.01,41.67,43.2,57.4,,,,lfm25-echo-raw-lfm25-checkpoint-125.json
raw_clean_start,150,150,0.2,40.43,40.39,40.3,59.4,,,,lfm25-echo-raw-lfm25-checkpoint-150.json
raw_clean_start,175,175,0.23333333333333334,40.02,40.19,40.6,58.1,,,,lfm25-echo-raw-lfm25-checkpoint-175.json
raw_clean_start,200,200,0.26666666666666666,39.67,39.95,40.6,59.7,,,,lfm25-echo-raw-lfm25-checkpoint-200.json
raw_clean_start,225,225,0.3,41.06,40.92,40.6,57.4,,,,lfm25-echo-raw-lfm25-checkpoint-225.json
raw_clean_start,250,250,0.3333333333333333,39.95,40.84,42.9,59.1,,,,lfm25-echo-raw-lfm25-checkpoint-250.json
raw_clean_start,275,275,0.36666666666666664,39.16,39.98,41.9,61.1,,,,lfm25-echo-raw-lfm25-checkpoint-275.json
raw_clean_start,300,300,0.4,41.52,41.72,42.2,59.1,,,,lfm25-echo-raw-lfm25-checkpoint-300.json
raw_clean_start,325,325,0.43333333333333335,42.08,42.12,42.2,59.4,,,,lfm25-echo-raw-lfm25-checkpoint-325.json
raw_clean_start,350,350,0.4666666666666667,41.04,41.51,42.6,59.1,,,,lfm25-echo-raw-lfm25-checkpoint-350.json
raw_clean_start,375,375,0.5,39.88,40.58,42.2,59.7,,,,lfm25-echo-raw-lfm25-checkpoint-375.json
raw_clean_start,400,400,0.5333333333333333,39.44,39.49,39.6,59.1,,,,lfm25-echo-raw-lfm25-checkpoint-400.json
raw_clean_start,425,425,0.5666666666666667,41.93,42.31,43.2,61.1,,,,lfm25-echo-raw-lfm25-checkpoint-425.json
raw_clean_start,450,450,0.6,39.98,40.86,42.9,58.4,,,,lfm25-echo-raw-lfm25-checkpoint-450.json
raw_clean_start,475,475,0.6333333333333333,43.41,43.77,44.6,59.7,,,,lfm25-echo-raw-lfm25-checkpoint-475.json
raw_clean_start,500,500,0.6666666666666666,41.39,42.62,45.5,61.1,,,,lfm25-echo-raw-lfm25-checkpoint-500.json
raw_clean_start,525,525,0.7,40.49,40.43,40.3,57.8,,,,lfm25-echo-raw-lfm25-checkpoint-525.json
raw_clean_start,550,550,0.7333333333333333,43.46,43.38,43.2,64.7,,,,lfm25-echo-raw-lfm25-checkpoint-550.json
raw_clean_start,575,575,0.7666666666666667,40.94,41.44,42.6,57.4,,,,lfm25-echo-raw-lfm25-checkpoint-575.json
raw_clean_start,600,600,0.8,41.12,41.05,40.9,58.4,,,,lfm25-echo-raw-lfm25-checkpoint-600.json
raw_clean_start,625,625,0.8333333333333334,42.15,41.77,40.9,61.1,,,,lfm25-echo-raw-lfm25-checkpoint-625.json
raw_clean_start,650,650,0.8666666666666667,42.16,42.08,41.9,60.7,,,,lfm25-echo-raw-lfm25-checkpoint-650.json
raw_clean_start,675,675,0.9,40.54,40.26,39.6,60.1,,,,lfm25-echo-raw-lfm25-checkpoint-675.json
raw_clean_start,700,700,0.9333333333333333,42.73,42.57,42.2,63.7,,,,lfm25-echo-raw-lfm25-checkpoint-700.json
raw_clean_start,725,725,0.9666666666666667,41.29,41.68,42.6,59.1,,,,lfm25-echo-raw-lfm25-checkpoint-725.json
raw_clean_start,750,750,1.0,40.54,41.34,43.2,60.7,,,,lfm25-echo-raw-lfm25-checkpoint-750.json
raw_clean_start,775,775,1.0333333333333334,40.78,40.34,39.3,64.7,,,,lfm25-echo-raw-lfm25-checkpoint-775.json
raw_clean_start,800,800,1.0666666666666667,43.94,43.42,42.2,61.7,,,,lfm25-echo-raw-lfm25-checkpoint-800.json
raw_clean_start,825,825,1.1,41.61,41.61,41.6,60.1,,,,lfm25-echo-raw-lfm25-checkpoint-825.json
raw_clean_start,850,850,1.1333333333333333,41.82,42.14,42.9,61.7,,,,lfm25-echo-raw-lfm25-checkpoint-850.json
raw_clean_start,875,875,1.1666666666666667,41.84,41.68,41.3,61.1,,,,lfm25-echo-raw-lfm25-checkpoint-875.json
raw_clean_start,900,900,1.2,43.78,43.73,43.6,60.7,,,,lfm25-echo-raw-lfm25-checkpoint-900.json
raw_clean_start,925,925,1.2333333333333334,43.83,43.46,42.6,64.7,,,,lfm25-echo-raw-lfm25-checkpoint-925.json
raw_clean_start,950,950,1.2666666666666666,41.63,42.1,43.2,61.4,,,,lfm25-echo-raw-lfm25-checkpoint-950.json
raw_clean_start,975,975,1.3,44.47,44.39,44.2,63.7,,,,lfm25-echo-raw-lfm25-checkpoint-975.json
raw_clean_start,1000,1000,1.3333333333333333,42.72,43.37,44.9,65.7,,,,lfm25-echo-raw-lfm25-checkpoint-1000.json
raw_clean_start,1025,1025,1.3666666666666667,42.65,42.63,42.6,62.0,,,,lfm25-echo-raw-lfm25-checkpoint-1025.json
raw_clean_start,1050,1050,1.4,41.99,41.96,41.9,65.3,,,,lfm25-echo-raw-lfm25-checkpoint-1050.json
raw_clean_start,1075,1075,1.4333333333333333,43.77,44.2,45.2,68.6,,,,lfm25-echo-raw-lfm25-checkpoint-1075.json
raw_clean_start,1100,1100,1.4666666666666666,44.84,45.16,45.9,66.3,,,,lfm25-echo-raw-lfm25-checkpoint-1100.json
raw_clean_start,1125,1125,1.5,43.77,43.81,43.9,64.4,,,,lfm25-echo-raw-lfm25-checkpoint-1125.json
raw_clean_start,1150,1150,1.5333333333333334,44.1,43.35,41.6,65.3,,,,lfm25-echo-raw-lfm25-checkpoint-1150.json
raw_clean_start,1175,1175,1.5666666666666667,43.29,43.56,44.2,63.7,,,,lfm25-echo-raw-lfm25-checkpoint-1175.json
turbo,5,5,0.006666666666666667,51.89,51.08,49.2,76.9,,,,lfm25-echo-turbo-vllm-checkpoint-5.json
turbo,10,10,0.013333333333333334,51.11,50.24,48.2,76.6,,,,lfm25-echo-turbo-vllm-checkpoint-10.json
turbo,15,15,0.02,50.53,50.22,49.5,75.9,,,,lfm25-echo-turbo-vllm-checkpoint-15.json
